NAME,DATE,Assets,Liabilities,Equity,Paidup Capital,Revenue,Net Profit,EPS (Baht),ROA(%),ROE(%),Net Profit Margin(%),Last Price(Baht),Market Cap.,P/E,P/BV,Book Value per share (Baht),Dvd. Yield(%),Industry,Sector
ACE,30/09/2020,16330.44,4589.10,11741.34,5088.00,4766.61,1253.58,0.12,11.39,16.76,26.30,3.74,37040.64,24.71,3.15,1.15,,Resources,Energy & Utilities
ACE,30/09/2020,16330.44,4589.10,11741.34,5088.00,4766.61,1253.58,0.12,11.39,16.76,26.30,3.74,37040.64,24.71,3.15,1.15,,Resources,Energy & Utilities
ADVANC,30/09/2017,284067.35,233640.57,50320.35,2973.10,158477.17,30077.31,10.12,14.73,64.76,18.98,191.00,567861.21,19.69,13.59,14.06,5.28,Technology,Information & Communication Technology
ADVANC,30/09/2018,290504.99,232836.40,57521.04,2973.10,170835.31,29682.18,9.98,14.20,55.05,17.37,172.50,512858.94,16.79,10.12,17.04,4.10,Technology,Information & Communication Technology
ADVANC,30/09/2019,289669.12,220274.95,69266.10,2973.18,181654.32,31189.57,10.49,14.54,49.20,17.17,213.00,633287.05,20.45,10.22,20.84,3.32,Technology,Information & Communication Technology
ADVANC,30/09/2020,350170.58,274481.21,75563.98,2973.55,173650.00,27434.36,9.23,12.02,37.88,15.80,176.00,523345.56,19.15,7.64,23.04,4.17,Technology,Information & Communication Technology
AEONTS,31/08/2017,72638.32,58865.44,13696.68,250.00,17292.15,2403.46,9.61,4.15,18.58,13.90,103.50,25875.00,9.93,1.79,57.88,3.33,Financials,Finance & Securities
AEONTS,31/08/2018,80771.40,64949.60,15736.63,250.00,18059.81,2966.33,11.87,4.84,20.16,16.43,182.00,45500.00,13.12,2.68,67.87,2.12,Financials,Finance & Securities
AEONTS,31/08/2019,87121.54,68733.17,18053.93,250.00,19877.89,3506.49,14.03,5.28,20.75,17.64,191.00,47750.00,13.10,2.47,77.42,2.46,Financials,Finance & Securities
AEONTS,31/08/2020,95395.61,74270.46,20727.98,250.00,22262.60,3975.36,15.90,5.64,20.50,17.86,203.00,50750.00,14.32,3.36,60.42,2.46,Financials,Finance & Securities
AMATA,30/09/2017,29279.67,14308.36,12555.56,1067.00,5327.73,1409.49,1.32,8.04,11.50,26.46,26.00,27742.00,15.11,2.24,11.59,1.73,Property & Construction,Property Development
AMATA,30/09/2018,33021.43,17452.34,12967.27,1067.00,5266.89,1018.22,0.95,5.92,7.98,19.33,20.60,21980.20,18.04,1.71,12.03,2.57,Property & Construction,Property Development
AMATA,30/09/2019,36397.40,19420.95,14054.51,1067.00,6947.57,1742.06,1.63,8.16,12.89,25.07,20.10,21446.70,13.34,1.54,13.07,1.99,Property & Construction,Property Development
AMATA,30/09/2020,38495.70,20991.37,14370.76,1067.00,3591.89,706.84,0.66,5.43,6.76,19.68,16.30,18745.00,19.58,1.30,13.47,2.56,Property & Construction,Property Development
AOT,30/09/2017,178409.94,46721.24,131376.25,14285.70,56744.27,20683.60,1.45,15.62,16.37,36.45,68.00,971427.60,46.97,7.39,9.20,1.26,Services,Transportation & Logistics
AOT,30/09/2018,187708.55,43439.43,143902.78,14285.70,62135.93,25170.76,1.76,17.56,18.29,40.51,64.25,917856.22,36.47,6.38,10.07,1.63,Services,Transportation & Logistics
AOT,30/09/2019,198381.56,43842.92,153899.11,14285.70,64994.07,25026.37,1.75,16.73,16.81,38.51,74.25,1060713.22,42.38,6.89,10.77,1.41,Services,Transportation & Logistics
AOT,30/09/2020,173558.57,30526.90,142235.58,14285.70,33275.51,4320.68,0.30,3.22,2.92,12.98,62.25,889284.82,205.82,6.25,9.96,0.31,Services,Transportation & Logistics
AP,30/09/2017,43936.04,22303.03,21636.64,3145.90,22851.09,3157.10,1.00,9.88,15.38,13.82,9.15,28784.98,9.40,1.42,6.45,3.28,Property & Construction,Property Development
AP,30/09/2018,49283.66,24904.35,24392.75,3145.90,28890.09,3865.41,1.23,10.20,16.80,13.38,6.00,18875.40,4.42,0.81,7.45,5.83,Property & Construction,Property Development
AP,30/09/2019,58794.21,32498.09,26313.12,3145.90,24975.23,3067.51,0.98,7.20,12.10,12.28,7.45,23436.95,7.46,0.92,8.08,5.37,Property & Construction,Property Development
AP,30/09/2020,59228.00,30907.14,28339.15,3145.90,23945.11,3284.34,1.04,8.80,15.50,13.72,7.25,22807.77,5.47,0.80,9.01,5.52,Property & Construction,Property Development
AWC,30/09/2020,123952.53,52305.27,71647.27,32000.00,4557.80,1389.06,0.04,0.01,1.87,30.48,4.90,145920.00,,2.04,2.24,0.27,Property & Construction,Property Development
AWC,30/09/2020,123952.53,52305.27,71647.27,32000.00,4557.80,1389.06,0.04,0.01,1.87,30.48,4.90,145920.00,,2.04,2.24,0.27,Property & Construction,Property Development
BAM,30/09/2020,120223.58,83272.08,36951.50,16160.21,8874.56,1132.78,0.35,2.11,6.95,12.76,22.40,70781.73,25.28,1.92,11.43,4.79,Financials,Finance & Securities
BAM,30/09/2020,120223.58,83272.08,36951.50,16160.21,8874.56,1132.78,0.35,2.11,6.95,12.76,22.40,70781.73,25.28,1.92,11.43,4.79,Financials,Finance & Securities
BANPU,30/09/2017,268751.37,163822.10,85314.88,5161.92,105826.81,7900.24,1.55,8.05,9.62,7.47,19.50,100657.55,13.92,1.21,16.18,2.19,Resources,Energy & Utilities
BANPU,30/09/2018,274317.40,171304.58,83060.46,5161.92,123345.43,6693.73,1.30,8.11,7.95,5.43,14.80,76396.50,10.34,0.93,15.97,4.39,Resources,Energy & Utilities
BANPU,30/09/2019,257588.81,167107.96,72194.58,5161.92,97528.86,552.86,0.11,3.59,0.71,0.57,11.90,61426.91,25.35,0.82,14.31,5.98,Resources,Energy & Utilities
BANPU,30/09/2020,276897.02,197277.24,60019.67,5074.58,59803.68,1318.21,0.26,2.14,4.13,2.20,11.00,55820.40,,0.93,11.83,5.51,Resources,Energy & Utilities
BBL,30/09/2017,3076310.39,2674303.35,401723.61,19088.43,147363.13,33008.71,17.29,1.37,8.46,22.40,202.00,385586.26,11.76,0.98,205.89,3.22,Financials,Banking
BBL,30/09/2018,3116750.22,2703591.33,412814.25,19088.43,154265.80,35329.97,18.51,1.43,8.67,22.90,203.00,387495.11,10.85,0.96,211.95,3.20,Financials,Banking
BBL,30/09/2019,3216743.10,2788626.79,427751.21,19088.43,158310.64,35816.09,18.76,1.47,8.52,22.62,160.00,305414.86,8.50,0.71,225.36,4.06,Financials,Banking
BBL,30/09/2020,3810590.60,3369925.54,439508.54,19088.43,112716.54,14782.99,7.74,0.84,5.24,13.12,118.50,226197.88,9.93,0.51,230.25,5.91,Financials,Banking
BCH,30/09/2017,12674.10,6762.34,5194.65,2493.75,7362.04,917.06,0.37,13.13,18.42,12.46,16.20,40398.72,48.25,8.18,1.98,1.05,Services,Health Care Services
BCH,30/09/2018,12627.50,6229.71,5701.43,2493.75,8185.27,1089.47,0.44,13.11,20.00,13.31,16.70,41645.59,37.90,7.66,2.18,1.20,Services,Health Care Services
BCH,30/09/2019,14115.63,7137.35,6248.00,2493.75,8998.64,1134.91,0.46,12.82,19.00,12.61,17.10,42643.09,36.68,7.09,2.41,1.35,Services,Health Care Services
BCH,30/09/2020,16364.04,9023.87,6621.50,2493.75,6680.65,951.09,0.38,11.95,18.86,14.24,13.60,33914.97,28.45,5.12,2.66,1.69,Services,Health Care Services
BCP,30/09/2017,114110.48,61978.50,45649.65,1376.92,175449.33,5778.24,4.20,7.32,13.57,3.29,40.75,56109.62,10.16,1.32,30.93,4.42,Resources,Energy & Utilities
BCP,30/09/2018,117368.62,67831.06,42714.97,1376.92,194171.35,2462.88,1.79,4.56,5.57,1.27,31.75,43717.31,8.10,0.97,32.76,6.77,Resources,Energy & Utilities
BCP,30/09/2019,127787.98,68972.94,51603.93,1376.92,192162.30,1731.57,1.18,3.47,3.67,0.90,28.00,38553.85,,0.91,30.33,4.87,Resources,Energy & Utilities
BCP,30/09/2020,141179.00,86984.58,46836.12,1376.92,104321.32,7218.50,5.59,3.87,14.90,6.92,20.60,28364.62,,0.60,34.50,3.92,Resources,Energy & Utilities
BCPG,30/09/2017,32099.23,17730.29,14368.79,9961.52,4389.36,2016.15,1.01,8.54,14.46,45.93,23.80,47416.84,26.99,3.37,7.07,2.90,Resources,Energy & Utilities
BCPG,30/09/2018,31557.88,16415.63,15142.10,9984.14,4433.51,2219.23,1.11,8.94,15.04,50.06,15.20,30351.78,12.16,2.00,7.58,4.00,Resources,Energy & Utilities
BCPG,30/09/2019,37136.57,21581.42,15505.72,9994.46,3896.76,1801.42,0.90,6.87,11.76,46.23,16.20,32382.05,19.43,2.09,7.73,3.95,Resources,Energy & Utilities
BCPG,30/09/2020,45672.39,30137.01,15485.81,9994.88,3692.32,1601.55,0.80,6.82,13.23,43.38,14.20,37493.36,18.32,2.42,7.64,3.41,Resources,Energy & Utilities
BDMS,30/09/2017,122626.69,56755.58,63071.20,1549.10,77136.78,10215.74,0.66,12.78,17.20,13.24,20.90,323760.99,31.87,5.50,3.80,1.39,Services,Health Care Services
BDMS,30/09/2018,133498.75,60060.68,70320.11,1566.90,81096.62,9191.46,0.59,10.58,13.78,11.33,24.80,388590.11,39.35,5.63,4.41,1.44,Services,Health Care Services
BDMS,30/09/2019,133661.74,46480.11,83813.43,1589.20,92534.66,15517.17,0.99,15.58,20.13,16.77,26.00,413192.05,28.41,5.10,5.10,1.21,Services,Health Care Services
BDMS,30/09/2020,132896.42,46543.26,82987.52,1589.20,51249.62,4826.56,0.30,7.73,8.71,9.42,20.80,330553.64,46.24,3.98,5.22,2.64,Services,Health Care Services
BEC,30/09/2017,14330.91,7785.38,6392.11,2000.00,11226.06,61.01,0.03,1.71,0.92,0.54,13.10,26200.00,80.30,3.89,3.37,4.58,Services,Media & Publishing
BEC,30/09/2018,14320.07,8083.70,6084.15,2000.00,10504.09,330.18,0.17,1.50,5.29,3.14,4.82,9640.00,,1.53,3.15,2.07,Services,Media & Publishing
BEC,30/09/2019,11354.48,5636.04,5623.33,2000.00,8779.64,397.17,0.20,2.99,6.78,4.52,5.90,11800.00,,2.00,2.95,,Services,Media & Publishing
BEC,30/09/2020,10277.46,5162.10,5105.82,2000.00,4176.65,481.78,0.24,6.68,13.47,11.54,8.05,16100.00,,3.15,2.55,,Services,Media & Publishing
BEM,30/09/2017,98919.36,67740.07,31068.18,15285.00,15799.15,3123.13,0.20,6.00,10.28,19.77,7.70,117694.50,39.81,3.89,1.98,1.43,Services,Transportation & Logistics
BEM,30/09/2018,103830.91,68218.88,35498.77,15285.00,19520.12,5317.04,0.35,8.27,15.98,27.24,9.70,148264.50,26.51,4.18,2.32,1.34,Services,Transportation & Logistics
BEM,30/09/2019,111696.77,72873.59,38780.72,15285.00,20576.51,5434.82,0.36,8.29,14.63,26.41,10.90,166606.50,30.87,4.24,2.57,1.38,Services,Transportation & Logistics
BEM,30/09/2020,115697.68,76604.46,39049.39,15285.00,10588.27,1481.50,0.10,3.88,5.11,13.99,8.30,126865.50,63.34,3.25,2.55,1.81,Services,Transportation & Logistics
BGRIM,30/09/2017,89240.84,63497.06,18653.25,5213.80,31924.95,2126.71,0.96,7.12,17.32,6.66,28.75,74948.38,47.90,4.11,7.00,,Resources,Energy & Utilities
BGRIM,30/09/2018,100636.04,72896.92,19253.46,5213.80,37226.86,1862.81,0.71,6.40,9.83,5.00,26.50,69082.85,31.53,3.62,7.33,1.13,Resources,Energy & Utilities
BGRIM,30/09/2019,121692.80,83015.54,28144.40,5213.80,44660.29,2331.15,0.88,6.16,9.84,5.22,52.50,136862.25,66.70,6.86,7.66,0.61,Resources,Energy & Utilities
BGRIM,30/09/2020,126978.16,89234.36,27180.92,5213.80,33904.59,1598.60,0.50,6.03,8.52,4.71,48.50,126434.65,62.96,4.65,10.43,0.76,Resources,Energy & Utilities
BH,30/09/2017,23483.96,6779.00,16402.38,730.05,18530.13,3943.89,5.41,22.01,25.55,21.28,189.00,137722.19,35.88,8.86,21.34,1.32,Services,Health Care Services
BH,30/09/2018,24748.81,6004.38,18454.61,730.05,18541.03,4151.89,5.70,21.57,23.82,22.39,187.50,136640.88,33.36,7.84,23.91,1.44,Services,Health Care Services
BH,30/09/2019,26181.03,5915.90,19973.37,730.05,18718.27,3747.73,5.14,18.30,19.51,20.02,147.00,107139.68,27.99,5.62,26.18,1.97,Services,Health Care Services
BH,30/09/2020,24167.80,5432.94,18425.75,795.77,9611.15,1031.15,1.33,9.59,10.21,10.73,120.00,95350.28,49.81,5.18,23.15,2.59,Services,Health Care Services
BJC,30/09/2017,315058.58,203885.54,106513.72,3995.67,164221.87,5210.76,1.31,4.14,4.96,3.17,66.00,263714.26,57.63,2.52,26.18,0.76,Services,Commerce
BJC,30/09/2018,323021.04,207936.78,110512.33,4002.70,172196.38,6649.97,1.66,4.28,6.13,3.86,50.75,203136.76,31.80,1.87,27.21,1.12,Services,Commerce
BJC,30/09/2019,325804.44,206068.32,115046.06,4006.84,174037.04,7278.38,1.82,4.18,6.45,4.18,42.00,168287.28,24.28,1.50,27.99,1.74,Services,Commerce
BJC,30/09/2020,328753.90,210464.70,113376.64,4007.79,119114.64,2647.78,0.66,3.53,4.54,2.22,34.75,139270.94,27.20,1.23,28.29,2.62,Services,Commerce
BPP,30/09/2017,47697.65,7912.83,39006.28,30483.55,10842.88,4154.63,1.36,10.39,10.91,38.32,25.50,77733.05,16.14,2.02,12.64,0.98,Resources,Energy & Utilities
BPP,30/09/2018,51566.13,10384.99,40409.65,30510.22,11554.73,3812.67,1.25,8.81,9.60,33.00,22.30,68037.78,18.24,1.71,13.04,2.69,Resources,Energy & Utilities
BPP,30/09/2019,48807.67,8991.84,39078.55,30510.22,10075.22,2968.93,0.97,6.96,7.47,29.47,17.70,54003.08,14.01,1.37,12.96,3.39,Resources,Energy & Utilities
BPP,30/09/2020,52907.38,11189.86,40851.04,30510.22,7345.58,2501.22,0.82,5.46,5.30,34.05,15.10,46070.43,21.58,1.13,13.40,4.31,Resources,Energy & Utilities
BTS,30/09/2017,93651.27,48469.19,42147.08,47739.82,10405.77,2003.48,0.17,4.46,4.57,19.25,8.30,99105.06,50.04,2.38,3.48,4.10,Services,Transportation & Logistics
BTS,30/09/2018,106057.57,59702.48,40605.32,47761.48,17448.04,4415.71,0.37,6.56,10.67,25.31,9.55,113122.10,25.62,2.87,3.33,3.66,Services,Transportation & Logistics
BTS,30/09/2019,144314.85,92164.46,38746.62,47381.48,49846.60,2872.95,0.24,4.86,7.24,5.76,13.20,173636.46,43.55,3.44,4.02,2.97,Services,Transportation & Logistics
BTS,30/09/2020,173100.48,105854.89,54923.01,52617.18,44414.44,8161.75,0.65,7.28,17.43,18.38,9.30,122397.20,17.00,2.40,3.88,5.16,Services,Transportation & Logistics
CBG,30/09/2017,12519.92,5514.61,7113.78,1000.00,13067.77,1245.81,1.25,9.95,17.81,9.53,80.75,80750.00,61.27,11.68,6.91,1.24,Agro & Food Industry,Food & Beverage
CBG,30/09/2018,14319.92,6955.21,7176.83,1000.00,14597.43,1158.57,1.16,10.70,16.21,7.94,30.75,30750.00,35.96,4.62,6.66,2.76,Agro & Food Industry,Food & Beverage
CBG,30/09/2019,14780.04,6061.67,8565.81,1000.00,15051.82,2506.46,2.51,21.75,31.84,16.65,84.00,84000.00,37.90,10.81,7.77,0.95,Agro & Food Industry,Food & Beverage
CBG,30/09/2020,16063.30,6765.52,9090.42,1000.00,13103.57,2651.89,2.65,27.88,40.98,20.24,114.50,114500.00,33.14,12.60,9.09,1.48,Agro & Food Industry,Food & Beverage
CENTEL,30/09/2017,25037.31,12978.94,11540.85,1350.00,20345.34,1991.39,1.48,11.02,18.15,9.79,58.25,78637.50,40.00,7.07,8.24,0.94,Services,Tourism & Leisure
CENTEL,30/09/2018,26447.45,13027.77,12902.15,1350.00,21803.54,2177.61,1.61,11.33,17.82,9.99,40.00,54000.00,25.26,4.35,9.21,1.50,Services,Tourism & Leisure
CENTEL,30/09/2019,27589.60,13445.98,13670.32,1350.00,21320.45,1744.24,1.29,8.53,13.13,8.18,25.00,33750.00,19.24,2.55,9.79,2.60,Services,Tourism & Leisure
CENTEL,30/09/2020,36623.58,24901.92,11384.83,1350.00,10021.40,1408.03,1.04,1.57,7.62,14.05,23.70,31995.00,,2.81,8.43,,Services,Tourism & Leisure
CHG,30/09/2017,4951.18,1478.48,3299.84,1100.00,3896.42,565.44,0.05,15.05,17.59,14.51,2.10,23100.00,40.44,6.99,0.30,1.71,Services,Health Care Services
CHG,30/09/2018,5708.18,1964.75,3562.97,1100.00,4430.84,633.88,0.06,14.80,18.47,14.31,1.92,21120.00,32.60,6.09,0.32,1.88,Services,Health Care Services
CHG,30/09/2019,6265.69,2370.25,3702.47,1100.00,5190.87,705.24,0.06,14.85,19.41,13.59,2.58,28380.00,41.58,7.92,0.33,1.94,Services,Health Care Services
CHG,30/09/2020,6398.52,2457.99,3770.88,1100.00,3939.84,623.02,0.06,15.19,20.59,15.81,2.46,27060.00,35.73,7.18,0.34,2.03,Services,Health Care Services
CK,30/09/2017,79274.46,55401.38,23486.22,1693.90,38553.61,1810.01,1.07,3.83,8.05,4.69,26.50,44888.27,23.17,2.03,13.06,1.89,Property & Construction,Construction Services
CK,30/09/2018,83500.54,57671.82,25421.01,1693.90,31175.57,2494.31,1.47,4.76,10.20,8.00,25.00,42347.42,18.09,1.68,14.84,2.00,Property & Construction,Construction Services
CK,30/09/2019,82585.59,54773.07,27392.67,1693.90,26602.76,1777.78,1.05,3.79,6.73,6.68,19.00,32184.04,17.03,1.18,16.09,2.63,Property & Construction,Construction Services
CK,30/09/2020,84786.54,57798.26,26559.11,1693.90,15201.18,724.63,0.43,2.66,3.65,4.77,16.60,28118.69,28.06,1.04,16.02,2.46,Property & Construction,Construction Services
CKP,30/09/2017,60461.60,29803.08,17748.41,7370.00,6960.99,158.77,0.02,2.66,0.89,2.28,4.04,29774.80,,1.69,2.39,1.49,Resources,Energy & Utilities
CKP,30/09/2018,62503.10,30981.10,18333.43,7370.00,9156.78,599.07,0.08,4.08,3.32,6.54,4.96,36555.20,72.47,2.00,2.48,0.45,Resources,Energy & Utilities
CKP,30/09/2019,64190.93,28644.23,23548.68,8129.38,9275.61,768.90,0.10,3.56,3.67,8.29,4.96,40321.73,106.66,1.75,2.89,0.51,Resources,Energy & Utilities
CKP,30/09/2020,64079.79,29286.24,23304.57,8129.38,5770.42,396.92,0.05,3.02,3.93,6.88,4.46,36257.05,39.87,1.56,2.87,0.67,Resources,Energy & Utilities
COM7,30/09/2017,7177.53,4879.62,2297.43,300.00,22584.29,608.77,0.51,13.37,28.41,2.70,16.30,19560.00,36.04,9.38,1.74,1.53,Services,Commerce
COM7,30/09/2018,7588.62,4812.09,2770.81,300.00,27982.24,891.06,0.74,15.50,35.16,3.18,15.50,18600.00,22.17,7.42,2.09,2.26,Services,Commerce
COM7,30/09/2019,9159.67,5783.52,3373.79,300.00,33428.77,1216.32,1.01,18.59,39.59,3.64,26.50,31800.00,29.02,10.60,2.50,1.89,Services,Commerce
COM7,30/09/2020,9830.01,6525.83,3303.50,300.00,24978.46,934.68,0.78,19.76,41.88,3.74,39.00,46800.00,35.46,14.17,2.75,2.05,Services,Commerce
CPALL,30/09/2017,360298.57,280069.79,75332.92,8983.10,489403.25,19907.71,2.14,8.84,30.50,4.07,77.00,691698.80,37.02,9.87,7.81,1.30,Services,Commerce
CPALL,30/09/2018,373741.62,273922.93,84830.80,8983.10,527859.75,20929.65,2.22,8.81,26.14,3.97,68.75,617588.22,29.55,7.76,8.86,1.60,Services,Commerce
CPALL,30/09/2019,375617.45,267249.66,93738.86,8983.10,571110.06,22343.08,2.38,8.94,25.02,3.91,72.25,649029.07,29.87,7.35,9.83,1.66,Services,Commerce
CPALL,30/09/2020,443649.92,335884.90,93047.14,8983.10,409380.88,12529.84,1.31,7.37,20.62,3.06,58.25,523265.65,27.99,5.62,10.36,2.15,Services,Commerce
CPF,30/09/2017,593496.95,366855.09,168015.20,8611.24,523179.98,15259.32,1.91,5.09,10.12,2.92,24.00,206669.82,14.09,1.22,19.72,3.56,Agro & Food Industry,Food & Beverage
CPF,30/09/2018,628090.85,409432.60,165533.16,8611.24,567820.21,15531.47,1.82,6.44,9.31,2.74,24.60,211836.56,13.09,1.26,19.55,3.05,Agro & Food Industry,Food & Beverage
CPF,30/09/2019,634050.56,415178.16,168275.26,8611.24,553768.42,18455.81,2.18,6.87,11.06,3.33,27.50,236809.17,14.69,1.39,19.73,2.36,Agro & Food Industry,Food & Beverage
CPF,30/09/2020,773996.88,525232.90,188807.11,8611.24,451032.36,19613.86,2.35,8.71,13.28,4.35,26.75,230350.73,9.53,1.17,22.79,2.68,Agro & Food Industry,Food & Beverage
CPN,30/09/2017,120573.59,56693.80,61801.02,2244.00,35455.99,13567.64,3.02,14.06,23.84,38.27,85.25,382602.00,28.42,6.42,13.27,0.97,Property & Construction,Property Development
CPN,30/09/2018,161707.83,87532.09,65726.02,2244.00,37662.63,11215.65,2.50,9.82,17.59,29.78,74.75,335478.00,30.47,5.24,14.26,1.87,Property & Construction,Property Development
CPN,30/09/2019,169933.03,89470.77,72128.41,2244.00,39930.14,11738.40,2.62,9.02,17.03,29.40,62.25,279378.00,26.36,4.08,15.25,1.77,Property & Construction,Property Development
CPN,30/09/2020,221757.70,147125.86,66342.61,2244.00,25450.18,7539.65,1.68,7.74,16.63,29.63,47.75,214302.00,19.04,3.22,14.84,1.68,Property & Construction,Property Development
DELTA,30/09/2017,46154.16,13680.44,32458.68,1247.38,50330.16,4930.98,3.95,14.02,15.33,9.80,73.25,91370.70,17.80,2.92,25.10,4.10,Technology,Electronic Components
DELTA,30/09/2018,48200.69,14259.77,33936.50,1247.38,53937.24,5137.03,4.12,11.33,15.47,9.52,69.50,86693.02,15.88,2.61,26.59,3.17,Technology,Electronic Components
DELTA,30/09/2019,45958.29,12951.94,33010.22,1247.38,51896.67,2959.96,2.37,6.31,8.84,5.70,53.50,66734.92,18.62,2.03,26.41,4.30,Technology,Electronic Components
DELTA,30/09/2020,55776.18,18887.02,36893.14,1247.38,45525.28,5520.09,4.43,11.62,16.90,12.13,486.00,606227.46,102.70,16.43,29.58,0.37,Technology,Electronic Components
DOHOME,30/09/2020,20401.69,13527.77,6873.92,2165.52,14041.66,511.28,0.24,5.50,10.06,3.64,17.40,30317.25,45.68,4.41,3.17,0.11,Services,Commerce
DOHOME,30/09/2020,20401.69,13527.77,6873.92,2165.52,14041.66,511.28,0.24,5.50,10.06,3.64,17.40,30317.25,45.68,4.41,3.17,0.11,Services,Commerce
DTAC,30/09/2017,114500.59,85265.67,29234.30,4735.62,78740.56,2114.97,0.89,3.38,7.50,2.69,49.00,116022.74,72.39,4.04,12.13,0.86,Technology,Information & Communication Technology
DTAC,30/09/2018,150957.66,129027.98,21929.06,4735.62,75552.31,4368.69,1.85,3.35,17.08,5.78,43.25,102407.83,91.87,3.81,11.34,0.55,Technology,Information & Communication Technology
DTAC,30/09/2019,167338.82,142372.40,24966.41,4735.62,81228.20,5421.89,2.29,6.07,23.12,6.67,53.25,126085.94,,5.17,10.30,1.90,Technology,Information & Communication Technology
DTAC,30/09/2020,174280.39,149964.96,24315.42,4735.62,79213.22,5107.12,2.16,5.16,20.73,6.45,33.25,78729.72,14.78,3.27,10.16,8.63,Technology,Information & Communication Technology
EA,30/09/2017,44530.42,29786.80,14667.60,373.00,11734.36,3817.45,1.02,11.53,29.31,32.53,52.50,195825.00,52.19,14.22,3.69,0.29,Resources,Energy & Utilities
EA,30/09/2018,59207.59,39689.97,18138.66,373.00,12656.30,4975.21,1.33,11.91,30.33,39.31,42.50,158525.00,31.07,9.01,4.72,0.47,Resources,Energy & Utilities
EA,30/09/2019,70219.69,45353.23,23364.51,373.00,14954.54,6081.62,1.63,11.44,29.31,40.67,43.75,163187.50,31.99,7.63,5.74,0.57,Resources,Energy & Utilities
EA,30/09/2020,77249.46,48782.04,26639.87,373.00,12819.52,3720.48,1.00,9.72,22.77,29.02,49.25,183702.50,33.58,6.90,7.14,0.61,Resources,Energy & Utilities
EGCO,30/09/2017,200332.54,113476.07,86238.33,5264.65,38058.71,11818.28,22.45,6.15,14.05,31.05,216.00,113716.44,10.48,1.32,163.18,3.01,Resources,Energy & Utilities
EGCO,30/09/2018,206427.81,105577.46,100239.38,5264.65,58235.16,21072.88,40.03,12.82,22.60,36.19,248.00,130563.32,5.54,1.29,191.52,2.82,Resources,Energy & Utilities
EGCO,30/09/2019,208522.60,103416.20,104490.41,5264.65,47460.00,13059.24,24.81,7.34,12.76,27.52,328.00,172680.52,17.55,1.68,195.60,2.90,Resources,Energy & Utilities
EGCO,30/09/2020,218273.80,115858.48,101829.42,5264.65,34273.54,6929.11,13.16,7.55,9.25,20.22,192.50,101344.51,10.70,1.00,193.42,3.38,Resources,Energy & Utilities
EPG,30/09/2017,12785.32,2861.02,9910.75,2800.00,9578.70,1380.98,0.49,11.81,14.45,14.42,11.30,31640.00,26.81,3.15,3.59,2.21,Property & Construction,Construction Materials
EPG,30/09/2018,13139.08,3016.45,10098.55,2800.00,9908.89,990.96,0.35,8.11,9.91,10.00,6.85,19180.00,19.55,1.88,3.65,3.65,Property & Construction,Construction Materials
EPG,30/09/2019,13393.19,3077.92,10292.55,2800.00,10797.40,904.32,0.32,7.50,8.87,8.38,6.25,17500.00,19.87,1.70,3.68,3.52,Property & Construction,Construction Materials
EPG,30/09/2020,14032.19,3457.96,10555.13,2800.00,10399.75,1002.80,0.36,8.01,9.62,9.64,7.10,19880.00,23.57,1.91,3.71,3.10,Property & Construction,Construction Materials
ESSO,30/09/2017,59019.51,30837.30,28174.78,17075.18,179209.51,7287.62,2.11,15.89,29.79,4.07,17.60,60911.10,9.00,2.39,7.37,,Resources,Energy & Utilities
ESSO,30/09/2018,61749.98,35917.88,25824.66,17075.18,201247.67,2225.16,0.64,4.79,8.24,1.11,10.20,35300.75,4.48,1.24,8.23,9.80,Resources,Energy & Utilities
ESSO,30/09/2019,66242.63,44124.70,22110.50,17075.18,169810.06,3065.70,0.89,5.69,12.79,1.81,8.65,29936.42,,1.23,7.02,3.47,Resources,Energy & Utilities
ESSO,30/09/2020,59302.36,45870.73,13424.20,17075.18,94470.21,8344.30,2.41,21.57,54.16,8.83,7.40,25610.35,,1.91,3.88,,Resources,Energy & Utilities
GFPT,30/09/2017,17365.56,5204.58,12030.09,1253.82,17518.73,1748.35,1.39,12.24,15.41,9.98,14.10,17678.88,9.23,1.51,9.34,2.13,Agro & Food Industry,Agribusiness
GFPT,30/09/2018,18129.66,5403.47,12602.56,1253.82,17015.00,1037.97,0.83,7.77,8.43,6.10,12.00,15045.85,13.44,1.22,9.86,2.50,Agro & Food Industry,Agribusiness
GFPT,30/09/2019,18820.10,5205.05,13484.92,1253.82,17395.62,1195.45,0.95,8.34,9.16,6.87,12.30,15422.00,12.98,1.17,10.56,2.03,Agro & Food Industry,Agribusiness
GFPT,30/09/2020,19966.10,5718.72,14121.38,1253.82,11132.82,889.68,0.71,7.62,8.34,7.99,14.20,17804.26,15.62,1.26,11.26,1.41,Agro & Food Industry,Agribusiness
GLOBAL,30/09/2017,28229.56,14849.46,13349.82,3841.41,21552.18,1608.57,0.42,7.64,10.87,7.46,17.00,65304.04,40.76,5.02,3.38,0.93,Services,Commerce
GLOBAL,30/09/2018,31016.98,16130.62,14672.43,4001.47,26262.41,2003.04,0.50,9.16,14.30,7.63,19.50,78028.66,40.37,5.48,3.56,0.91,Services,Commerce
GLOBAL,30/09/2019,35986.39,19855.47,15912.14,4201.54,29182.28,2093.47,0.50,8.58,13.69,7.17,16.20,68064.96,35.47,4.44,3.65,1.21,Services,Commerce
GLOBAL,30/09/2020,35813.83,18948.22,16623.65,4401.61,20625.55,1578.37,0.36,8.57,13.59,7.65,17.00,74827.37,34.45,4.50,3.78,1.15,Services,Commerce
GPSC,30/09/2017,59968.43,19594.50,38546.88,14983.01,21289.96,3174.58,2.12,6.71,8.39,14.91,72.00,107877.66,37.57,2.85,25.26,1.60,Resources,Energy & Utilities
GPSC,30/09/2018,64439.02,22089.95,39991.97,14983.01,25895.56,3359.19,2.24,7.47,8.55,12.97,58.50,87650.60,24.38,2.22,26.39,2.14,Resources,Energy & Utilities
GPSC,30/09/2019,252016.62,141840.91,100893.03,28197.29,68635.26,4060.80,2.25,7.20,5.76,5.92,85.75,241791.79,71.07,8.64,18.69,0.77,Resources,Energy & Utilities
GPSC,30/09/2020,254857.19,144757.36,101165.34,28197.29,54830.62,6050.25,2.15,5.23,11.14,11.03,73.75,207955.04,28.90,2.06,35.88,1.44,Resources,Energy & Utilities
GULF,,100651.94,61303.69,34564.81,10666.50,9523.94,3451.42,3.18,6.58,18.71,36.24,65.00,138664.50,59.53,,,,Resources,Energy & Utilities
GULF,30/09/2018,123668.66,78880.41,36536.94,10666.50,20229.23,3028.13,1.42,5.40,8.52,14.97,81.50,173863.95,50.30,4.80,16.96,0.49,Resources,Energy & Utilities
GULF,30/09/2019,134277.54,85237.60,38427.11,10666.50,34552.28,4886.56,2.29,7.79,13.04,14.14,166.00,354127.80,78.09,9.37,17.71,0.72,Resources,Energy & Utilities
GULF,30/09/2020,221981.77,156276.55,58443.98,11733.15,25523.24,2437.94,0.23,4.66,6.95,9.55,34.25,401860.39,120.22,6.88,4.98,0.69,Resources,Energy & Utilities
GUNKUL,30/09/2017,30377.02,20574.36,9204.55,1854.66,5124.55,635.36,0.09,4.82,6.94,12.40,3.96,29377.74,49.12,3.20,1.24,0.87,Resources,Energy & Utilities
GUNKUL,30/09/2018,35624.75,26124.70,8910.51,1854.66,6730.29,1090.24,0.15,6.31,12.04,16.20,2.80,20772.14,22.34,2.42,1.15,1.63,Resources,Energy & Utilities
GUNKUL,30/09/2019,39041.54,27708.63,10712.21,2220.63,7463.91,2147.33,0.24,8.50,21.89,28.77,2.98,26469.94,13.25,2.54,1.17,0.28,Resources,Energy & Utilities
GUNKUL,30/09/2020,41658.48,30689.51,10871.19,2220.63,7009.40,1719.58,0.20,8.06,21.23,24.53,2.52,22383.98,9.85,2.04,1.24,5.40,Resources,Energy & Utilities
HANA,30/09/2017,24403.10,3713.22,20689.88,804.88,22583.22,2887.73,3.59,12.53,14.21,12.79,44.50,35817.11,12.36,1.71,25.95,4.49,Technology,Electronic Components
HANA,30/09/2018,25368.31,4285.18,21083.13,804.88,22852.85,2375.22,2.95,10.14,11.37,10.39,33.00,26561.00,11.29,1.25,26.41,6.06,Technology,Electronic Components
HANA,30/09/2019,24426.18,3880.57,20545.62,804.88,21250.27,1804.58,2.24,7.74,8.67,8.49,34.50,27768.32,14.67,1.33,25.95,5.80,Technology,Electronic Components
HANA,30/09/2020,25536.04,3624.58,21911.46,804.88,14412.22,1206.06,1.50,7.69,8.25,8.37,39.75,31993.93,18.13,1.46,27.22,3.27,Technology,Electronic Components
HMPRO,30/09/2017,50949.35,32314.55,18634.79,13151.20,64234.49,4886.39,0.37,12.53,27.05,7.61,12.80,168335.33,35.97,9.84,1.30,2.11,Services,Commerce
HMPRO,30/09/2018,54811.35,34897.26,19914.09,13151.20,66049.91,5612.62,0.43,13.85,29.12,8.50,15.20,199898.21,36.66,10.97,1.39,2.04,Services,Commerce
HMPRO,30/09/2019,52048.96,30910.88,21138.08,13151.20,67423.88,6176.59,0.47,14.99,30.09,9.16,16.00,210419.17,34.41,10.80,1.48,2.19,Services,Commerce
HMPRO,30/09/2020,54734.63,34717.60,20017.03,13151.20,45740.09,3609.72,0.27,13.27,27.13,7.89,13.70,180171.41,33.63,9.00,1.52,2.77,Services,Commerce
INTUCH,30/09/2017,50959.61,13633.10,28915.14,3206.42,22543.43,10673.18,3.33,17.68,38.07,47.34,56.25,180361.14,15.71,6.72,8.37,8.18,Technology,Information & Communication Technology
INTUCH,30/09/2018,50009.18,12067.86,30768.30,3206.42,20404.50,11490.68,3.58,23.25,38.51,56.31,47.75,153106.57,13.43,5.29,9.02,8.65,Technology,Information & Communication Technology
INTUCH,30/09/2019,49534.54,9085.50,34525.17,3206.42,17682.31,11083.01,3.46,20.93,33.95,62.68,57.25,183567.56,16.63,5.66,10.12,4.73,Technology,Information & Communication Technology
INTUCH,30/09/2020,50564.65,8839.46,35461.91,3206.51,12082.51,8381.97,2.61,19.66,30.25,69.37,56.25,180366.16,17.56,5.09,11.06,4.71,Technology,Information & Communication Technology
IRPC,30/09/2017,184543.83,96893.83,87512.69,20434.42,216845.73,11354.48,0.56,8.75,13.48,5.24,7.05,144062.66,16.88,1.73,4.08,3.26,Resources,Energy & Utilities
IRPC,30/09/2018,182445.66,95066.03,87286.11,20434.42,282750.80,7734.99,0.38,5.93,8.85,2.74,5.75,117497.91,8.47,1.32,4.36,5.04,Resources,Energy & Utilities
IRPC,30/09/2019,177850.39,94448.28,83255.73,20434.42,243632.50,1174.04,0.06,0.00,1.38,0.48,3.68,75198.66,,0.89,4.15,5.16,Resources,Energy & Utilities
IRPC,30/09/2020,173490.55,97824.63,75526.40,20434.42,176337.87,6151.70,0.30,3.29,7.75,3.49,3.72,76016.04,,1.03,3.63,2.69,Resources,Energy & Utilities
IVL,30/09/2017,282358.37,163371.68,117061.65,5245.41,291267.66,20882.86,3.98,8.71,20.26,7.17,53.25,279318.16,20.18,2.57,20.71,1.14,Industrials,Petrochemicals & Chemicals
IVL,30/09/2018,379194.83,227339.48,144837.79,5614.55,352471.25,26465.40,4.61,10.39,20.21,7.51,54.25,304589.44,8.93,2.11,25.68,1.74,Industrials,Petrochemicals & Chemicals
IVL,30/09/2019,380567.91,242400.62,129711.92,5614.55,355864.78,5252.11,0.76,3.03,3.83,1.48,35.00,196509.32,21.54,1.45,24.07,3.99,Industrials,Petrochemicals & Chemicals
IVL,30/09/2020,461708.69,323168.44,129126.14,5614.55,252463.77,1104.31,0.10,1.70,0.31,0.44,37.00,207738.42,,1.61,23.00,3.31,Industrials,Petrochemicals & Chemicals
JAS,30/09/2017,50548.59,35919.90,13584.39,3335.31,18288.48,2693.39,0.42,8.01,22.61,14.73,7.10,47361.44,17.52,4.41,1.66,7.06,Technology,Information & Communication Technology
JAS,30/09/2018,52890.31,34514.19,17330.29,3992.48,22143.57,4912.59,0.63,11.95,31.78,22.19,4.46,35612.97,6.24,2.13,2.11,10.62,Technology,Information & Communication Technology
JAS,30/09/2019,69873.68,48689.51,20152.12,4082.67,34839.05,7264.61,0.90,28.37,38.76,20.85,5.00,40826.75,12.58,2.21,2.26,11.24,Technology,Information & Communication Technology
JAS,30/09/2020,102577.13,94983.04,6551.27,4296.41,15231.95,2198.65,0.26,18.91,15.55,14.43,3.18,27325.16,14.06,4.17,0.76,54.00,Technology,Information & Communication Technology
JMART,30/09/2017,16443.61,11780.06,3233.98,734.25,13236.85,490.16,0.67,7.41,15.89,3.70,18.00,13216.49,24.81,4.17,4.32,0.18,Technology,Information & Communication Technology
JMART,30/09/2018,19443.98,14739.51,2845.72,734.25,12895.37,277.06,0.38,2.24,9.11,2.15,4.74,3480.35,,1.19,3.97,10.55,Technology,Information & Communication Technology
JMART,30/09/2019,20372.77,15140.34,3385.47,906.61,11926.92,533.85,0.59,7.54,17.13,4.48,8.35,7570.18,31.16,2.32,4.44,,Technology,Information & Communication Technology
JMART,30/09/2020,26237.82,20042.37,3420.78,906.61,8317.18,526.79,0.58,8.09,20.39,6.33,20.00,18428.67,27.07,5.39,3.77,1.28,Technology,Information & Communication Technology
JMT,30/09/2017,5247.91,2922.71,2325.20,379.98,1361.69,396.13,1.06,10.61,18.59,29.09,31.00,11779.27,22.84,5.81,5.45,2.08,Financials,Finance & Securities
JMT,30/09/2018,8363.33,4896.51,3395.56,444.00,1885.83,505.52,0.60,9.77,17.67,26.81,11.20,9945.50,21.00,3.03,3.69,2.90,Financials,Finance & Securities
JMT,30/09/2019,10141.67,6708.39,3395.58,444.00,2550.74,681.36,0.77,9.07,20.07,26.71,20.00,17759.82,28.93,5.57,3.59,3.70,Financials,Finance & Securities
JMT,30/09/2020,14835.77,9773.35,5019.70,445.75,2315.66,716.92,0.81,8.96,22.31,30.96,36.00,35139.29,38.38,7.00,5.63,1.47,Financials,Finance & Securities
KBANK,30/09/2017,2900840.77,2513018.48,348625.13,23932.60,180426.42,34338.25,14.35,1.69,10.24,19.03,232.00,555236.36,14.28,1.62,143.09,1.72,Financials,Banking
KBANK,30/09/2018,3155090.81,2737268.89,376297.55,23932.60,182231.62,38459.12,16.07,1.80,10.61,21.10,185.00,442753.14,11.92,1.19,154.82,2.16,Financials,Banking
KBANK,30/09/2019,3293888.99,2840174.27,406357.62,23932.60,185002.38,38726.74,16.18,1.67,9.90,20.93,151.00,361382.29,9.78,0.90,167.57,2.65,Financials,Banking
KBANK,30/09/2020,3545647.97,3089066.40,408715.95,23693.28,134431.46,16228.74,6.83,1.03,6.18,12.07,113.00,267734.02,10.70,0.66,172.50,4.43,Financials,Banking
KCE,30/09/2017,17850.25,6575.95,11228.69,586.40,14518.92,2544.50,4.34,15.74,23.98,17.53,82.75,48524.34,18.40,4.56,18.14,2.54,Technology,Electronic Components
KCE,30/09/2018,18121.01,6113.90,11950.81,586.40,14348.15,2014.87,1.72,12.19,17.38,14.04,26.25,30785.83,13.79,2.66,9.87,4.19,Technology,Electronic Components
KCE,30/09/2019,16501.00,4739.06,11712.33,586.40,12307.86,934.49,0.80,6.07,7.90,7.59,24.50,28733.44,27.03,2.50,9.81,4.49,Technology,Electronic Components
KCE,30/09/2020,16765.11,5152.56,11564.99,587.71,8330.57,746.21,0.64,6.77,8.65,8.96,41.50,48889.58,48.99,4.23,9.84,1.92,Technology,Electronic Components
KKP,30/09/2017,259335.24,217787.01,41332.18,8467.51,20460.58,5736.87,6.78,2.82,14.06,28.04,79.25,67105.03,11.40,1.68,47.23,7.57,Financials,Banking
KKP,30/09/2018,306329.50,263988.94,42180.46,8467.51,22668.93,6041.98,7.14,2.61,14.47,26.65,66.25,56097.26,9.48,1.36,48.64,7.55,Financials,Banking
KKP,30/09/2019,311690.01,267678.75,43902.10,8467.51,23778.75,5988.44,7.07,2.36,13.91,25.18,66.00,55885.57,9.74,1.31,50.24,7.58,Financials,Banking
KKP,30/09/2020,357659.96,312562.88,44987.16,8467.51,18784.60,4015.19,4.74,2.13,13.01,21.37,51.75,43819.37,7.69,0.97,53.13,8.21,Financials,Banking
KTB,30/09/2017,2854210.01,2559991.06,287861.26,72005.04,156973.75,22440.01,1.61,1.04,7.99,14.30,19.20,268340.38,10.71,0.95,20.30,4.48,Financials,Banking
KTB,30/09/2018,2739203.19,2425062.09,305875.45,72005.04,154068.76,28491.29,2.04,1.36,9.60,18.49,19.20,268340.38,9.89,0.90,21.29,3.18,Financials,Banking
KTB,30/09/2019,3012216.12,2663889.73,338287.30,72005.04,157678.72,29284.04,2.09,1.37,9.09,18.57,16.40,229207.40,8.19,0.68,24.01,4.38,Financials,Banking
KTB,30/09/2020,3104475.29,2754725.65,338872.67,72005.04,113029.80,13279.16,0.95,0.95,6.15,11.75,11.10,155134.28,7.48,0.46,24.24,6.78,Financials,Banking
KTC,30/09/2017,73635.77,61058.61,12577.16,2578.33,16531.77,3304.32,12.82,5.82,28.86,19.99,186.00,47957.01,15.96,4.11,45.21,2.15,Financials,Finance & Securities
KTC,30/09/2018,79647.82,63296.21,16351.61,2578.33,17713.28,5139.59,1.99,8.37,35.53,29.02,30.50,78639.19,16.21,5.20,5.86,1.74,Financials,Finance & Securities
KTC,30/09/2019,85409.26,65674.22,19707.71,2578.33,18979.96,5524.07,2.14,8.37,30.64,29.10,39.50,101844.20,18.74,5.52,7.15,2.08,Financials,Finance & Securities
KTC,30/09/2020,83687.18,62210.40,21450.15,2578.33,14169.40,4011.37,1.56,8.19,26.72,28.31,59.50,153410.88,28.78,7.15,8.32,1.48,Financials,Finance & Securities
LH,30/09/2017,109491.50,58682.63,50066.52,11949.71,41922.69,10463.22,0.88,12.97,21.57,24.96,10.50,125471.99,11.94,2.66,3.94,6.14,Property & Construction,Property Development
LH,30/09/2018,111480.89,60729.17,49982.66,11949.71,39851.63,10475.43,0.88,11.71,20.94,26.29,9.90,118302.16,11.64,2.45,4.04,7.58,Property & Construction,Property Development
LH,30/09/2019,113139.05,59956.18,52463.31,11949.71,37042.56,10024.91,0.84,11.22,19.57,27.06,9.80,117107.19,14.37,2.39,4.10,7.65,Property & Construction,Property Development
LH,30/09/2020,121632.16,73351.51,47580.62,11949.71,24723.27,4788.01,0.40,9.54,18.50,19.37,7.95,95000.22,10.63,2.00,3.98,8.81,Property & Construction,Property Development
MAJOR,30/09/2017,13807.71,7308.95,6413.55,894.67,9937.46,1193.34,1.33,11.33,18.29,12.01,29.00,25945.36,21.55,4.05,7.16,4.14,Services,Media & Publishing
MAJOR,30/09/2018,14074.21,7441.73,6509.95,894.67,10671.30,1283.59,1.43,12.06,19.86,12.03,20.60,18430.15,16.77,2.95,6.99,6.07,Services,Media & Publishing
MAJOR,30/09/2019,14005.75,7399.00,6455.64,894.67,11141.21,1170.03,1.31,11.21,18.05,10.50,25.25,22590.35,19.40,3.64,6.93,5.35,Services,Media & Publishing
MAJOR,30/09/2020,17267.65,10941.80,6175.68,894.67,2879.67,855.02,0.96,2.57,9.55,29.69,18.30,16372.42,,2.65,6.90,5.46,Services,Media & Publishing
MBK,30/09/2017,46552.39,24367.69,21722.14,1707.96,10497.09,1840.85,1.38,6.35,9.11,17.54,19.40,33134.42,17.77,1.57,12.34,3.40,Property & Construction,Property Development
MBK,30/09/2018,49095.94,26411.92,22246.87,1694.92,12692.90,2881.30,2.17,8.85,13.11,22.70,20.60,34915.41,11.56,1.51,13.67,3.42,Property & Construction,Property Development
MBK,30/09/2019,52443.05,27736.77,24123.64,1694.92,12249.68,2799.51,2.12,7.84,12.07,22.85,21.20,35932.37,18.02,1.49,14.21,3.54,Property & Construction,Property Development
MBK,30/09/2020,56474.39,35791.03,20096.49,1694.92,6788.26,96.24,0.07,4.92,5.95,1.42,12.60,21356.03,16.53,1.03,12.28,6.35,Property & Construction,Property Development
MEGA,30/09/2017,8719.84,3475.45,5244.36,432.62,9639.82,1112.80,1.29,15.90,22.43,11.54,44.00,38070.94,37.20,7.80,5.64,1.07,Services,Commerce
MEGA,30/09/2018,9632.59,3908.25,5724.25,433.38,10456.21,1206.01,1.39,15.72,21.99,11.53,28.75,24875.90,21.02,4.70,6.12,2.43,Services,Commerce
MEGA,30/09/2019,10532.70,4357.61,6175.00,435.94,11179.17,1138.52,1.31,13.53,19.14,10.18,26.00,22668.61,19.48,3.91,6.65,2.72,Services,Commerce
MEGA,30/09/2020,11693.64,5037.85,6633.45,435.94,9162.17,965.38,1.11,14.84,21.69,10.54,35.75,31169.33,23.13,4.70,7.61,2.01,Services,Commerce
MINT,30/09/2017,118443.55,68422.63,47328.59,4618.91,58643.67,5415.40,1.22,7.20,12.78,9.23,43.75,202077.50,39.64,5.20,8.79,0.76,Agro & Food Industry,Food & Beverage
MINT,30/09/2018,267700.31,184626.19,71923.74,4618.91,79328.00,5444.77,1.18,5.16,9.13,6.86,34.00,157043.09,28.27,2.58,13.19,1.18,Agro & Food Industry,Food & Beverage
MINT,30/09/2019,254183.77,168315.92,75461.25,4619.00,129889.11,10697.93,2.04,6.66,14.52,8.24,36.00,166284.16,19.73,2.29,15.73,1.11,Agro & Food Industry,Food & Beverage
MINT,30/09/2020,376932.71,294165.13,73000.89,5182.30,44889.09,15816.39,3.56,2.26,16.54,35.23,25.75,133445.12,,1.83,14.09,,Agro & Food Industry,Food & Beverage
MTC,30/09/2017,36953.01,28009.70,8943.32,2120.00,7470.99,2500.60,1.18,10.12,31.99,33.47,38.75,82150.00,36.66,9.97,3.89,0.26,Financials,Finance & Securities
MTC,30/09/2018,49146.11,36847.04,12299.07,2120.00,10416.46,3713.39,1.75,10.75,34.96,35.65,49.00,103880.00,30.08,9.20,5.32,0.37,Financials,Finance & Securities
MTC,30/09/2019,61871.60,45899.89,15971.71,2120.00,12687.93,4237.47,2.00,9.54,29.98,33.40,63.75,135150.00,32.89,9.10,7.01,0.41,Financials,Finance & Securities
MTC,30/09/2020,72901.64,53588.05,19313.60,2120.00,10842.02,3843.87,1.81,9.40,29.12,35.45,59.00,125080.00,25.14,6.48,9.11,0.51,Financials,Finance & Securities
ORI,30/09/2017,22925.36,16512.87,5122.50,813.15,9987.72,2020.88,1.26,17.88,55.25,20.23,19.30,31387.54,24.43,10.23,1.99,0.44,Property & Construction,Property Development
ORI,30/09/2018,27203.33,18402.01,7437.31,1224.54,16637.83,3337.95,1.37,18.43,53.15,20.06,6.60,16163.89,4.68,2.41,2.74,6.04,Property & Construction,Property Development
ORI,30/09/2019,32079.48,21145.61,9656.64,1226.43,14122.12,3027.13,1.24,14.38,35.42,21.44,7.00,17170.03,5.57,1.96,3.58,5.52,Property & Construction,Property Development
ORI,30/09/2020,33762.28,22170.55,10974.28,1226.43,8690.34,2019.43,0.82,12.43,29.40,23.24,7.55,18519.11,6.38,1.69,4.47,6.55,Property & Construction,Property Development
OSP,,23456.17,5153.44,18087.76,3003.75,25163.52,3005.34,1.48,19.68,28.06,11.94,24.50,73591.88,30.29,,,,Agro & Food Industry,Food & Beverage
OSP,30/09/2019,24323.87,6300.72,17871.31,3003.75,26350.85,3259.01,1.08,16.74,18.13,12.37,40.50,121651.88,37.72,7.01,5.78,1.70,Agro & Food Industry,Food & Beverage
OSP,30/09/2020,25507.06,6866.74,18503.19,3003.75,19933.00,2653.53,0.88,17.04,19.39,13.31,35.50,106633.12,30.67,5.76,6.16,2.82,Agro & Food Industry,Food & Beverage
PLANB,30/09/2017,4200.29,562.04,3571.71,352.96,3016.38,460.52,0.13,14.49,13.73,15.27,6.40,22589.49,52.50,6.65,0.97,0.54,Services,Media & Publishing
PLANB,30/09/2018,5734.02,1389.15,4056.25,352.96,4043.27,642.78,0.18,18.12,16.85,15.90,6.10,21530.60,38.57,5.54,1.10,0.74,Services,Media & Publishing
PLANB,30/09/2019,7979.45,1089.48,6375.36,388.26,4919.50,743.19,0.20,15.40,14.25,15.11,7.60,29507.52,42.57,4.80,1.58,1.20,Services,Media & Publishing
PLANB,30/09/2020,12408.07,6555.40,5439.14,388.26,2529.65,0.02,,3.59,3.85,0.00,6.25,24266.05,108.77,4.46,1.40,2.44,Services,Media & Publishing
PRM,30/09/2017,10678.67,4431.96,6123.28,2500.00,4693.40,717.93,0.33,10.27,16.61,15.30,10.20,25500.00,25.83,4.21,2.42,,Services,Transportation & Logistics
PRM,30/09/2018,10814.83,3844.35,6590.54,2500.00,4730.72,711.82,0.28,9.05,11.20,15.05,5.15,12875.00,19.47,2.00,2.57,1.94,Services,Transportation & Logistics
PRM,30/09/2019,13062.99,5783.15,6915.34,2500.00,5544.46,1023.38,0.41,12.21,15.15,18.46,7.10,17750.00,19.49,2.61,2.72,1.97,Services,Transportation & Logistics
PRM,30/09/2020,13868.45,5641.31,7769.13,2500.00,4634.39,1119.62,0.45,14.72,19.02,24.16,8.00,20000.00,14.43,2.57,3.11,2.50,Services,Transportation & Logistics
PTG,30/09/2017,17985.38,12866.83,5104.55,1670.00,84904.78,913.10,0.55,8.23,18.87,1.08,21.80,36406.00,37.11,7.46,2.92,1.38,Resources,Energy & Utilities
PTG,30/09/2018,20939.73,15463.91,5444.03,1670.00,108142.00,624.74,0.37,5.31,11.85,0.58,8.60,14362.00,20.91,2.73,3.15,1.98,Resources,Energy & Utilities
PTG,30/09/2019,22651.87,15944.38,6647.52,1670.00,120291.46,1560.68,0.93,10.36,25.81,1.30,16.10,26887.00,19.47,4.27,3.77,1.24,Resources,Energy & Utilities
PTG,30/09/2020,40617.79,32985.01,7564.85,1670.00,77076.89,1222.24,0.73,9.30,22.78,1.59,15.90,26553.00,16.82,3.51,4.53,2.52,Resources,Energy & Utilities
PTT,30/09/2017,2232314.16,983758.42,818671.75,28563.00,2044951.64,135179.60,46.74,10.84,17.09,6.61,440.00,1256771.84,10.57,1.59,276.87,3.64,Resources,Energy & Utilities
PTT,30/09/2018,2355483.87,1036989.52,875083.83,28563.00,2367958.54,119683.94,4.15,10.75,14.13,5.05,46.00,1313897.83,9.70,1.54,29.94,4.35,Resources,Energy & Utilities
PTT,30/09/2019,2484438.68,1183399.06,878604.11,28563.00,2261039.45,92950.60,3.20,7.56,10.60,4.11,44.00,1256771.84,13.22,1.45,30.31,4.55,Resources,Energy & Utilities
PTT,30/09/2020,2559369.93,1272691.50,877624.98,28563.00,1232187.60,24619.12,0.86,3.81,4.83,2.00,42.50,1213927.34,28.86,1.38,30.73,4.71,Resources,Energy & Utilities
PTTEP,30/09/2017,628121.29,251746.57,376374.73,3969.99,153526.45,20579.46,4.54,5.25,5.25,13.40,100.00,396998.54,38.67,1.06,94.38,3.25,Resources,Energy & Utilities
PTTEP,30/09/2018,635087.33,245023.94,390063.39,3969.99,176943.16,36206.29,8.69,10.72,9.45,20.46,113.50,450593.34,12.24,1.18,96.14,3.74,Resources,Energy & Utilities
PTTEP,30/09/2019,669464.01,312405.29,357058.71,3969.99,199202.10,48802.54,11.72,11.81,13.06,24.50,124.50,494263.18,10.74,1.35,92.17,4.02,Resources,Energy & Utilities
PTTEP,30/09/2020,693577.97,323139.71,370438.26,3969.99,128898.88,20137.20,5.01,9.47,8.63,15.62,98.25,390051.07,12.28,1.05,93.31,6.11,Resources,Energy & Utilities
PTTGC,30/09/2017,434963.93,154699.83,274869.72,45088.49,448880.62,39298.31,8.79,12.06,15.09,8.75,85.00,383252.17,9.16,1.45,58.90,3.32,Industrials,Petrochemicals & Chemicals
PTTGC,30/09/2018,469255.35,165773.14,296045.76,45088.49,529734.02,40069.49,8.89,10.36,14.04,7.56,71.25,321255.50,7.05,1.10,64.79,5.94,Industrials,Petrochemicals & Chemicals
PTTGC,30/09/2019,452514.39,158919.04,285830.17,45088.49,422973.52,11682.08,2.59,3.50,4.02,2.76,57.00,257004.40,16.64,0.89,63.64,7.49,Industrials,Petrochemicals & Chemicals
PTTGC,30/09/2020,454248.63,172153.38,274452.34,45088.49,245557.56,6204.99,1.38,0.64,2.08,2.53,58.50,263767.67,,0.96,61.17,3.43,Industrials,Petrochemicals & Chemicals
QH,30/09/2017,53059.16,28256.94,24802.21,10714.38,19743.93,3462.24,0.32,7.85,14.50,17.54,3.24,34714.60,10.73,1.45,2.23,4.63,Property & Construction,Property Development
QH,30/09/2018,54147.87,27878.38,26269.49,10714.38,18117.66,3800.74,0.35,8.76,14.88,20.98,2.62,28071.68,7.16,1.10,2.39,7.63,Property & Construction,Property Development
QH,30/09/2019,50901.91,24038.50,26863.42,10714.38,12876.44,2853.86,0.27,6.74,10.74,22.16,2.56,27428.82,9.25,1.04,2.47,8.59,Property & Construction,Property Development
QH,30/09/2020,49684.70,23662.37,26022.33,10714.38,8042.44,1543.63,0.14,5.67,8.46,19.19,2.32,24857.37,11.20,0.96,2.43,8.62,Property & Construction,Property Development
RATCH,30/09/2017,94224.83,30943.65,63265.29,14500.00,46890.80,6106.70,4.21,8.77,9.73,13.02,54.25,78662.50,9.38,1.25,43.53,4.33,Resources,Energy & Utilities
RATCH,30/09/2018,101251.90,41315.89,59936.02,14500.00,45083.54,5587.60,3.85,7.63,9.07,12.39,50.75,73587.50,13.08,1.23,41.23,4.73,Resources,Energy & Utilities
RATCH,30/09/2019,100229.43,40815.50,59413.27,14500.00,43220.08,5963.28,4.11,8.20,9.99,13.80,68.75,99687.50,17.47,1.70,40.40,3.49,Resources,Energy & Utilities
RATCH,30/09/2020,110910.10,50925.96,59983.46,14500.00,30458.62,4157.21,2.87,6.80,8.54,13.65,53.00,76850.00,15.18,1.28,41.37,4.53,Resources,Energy & Utilities
RBF,30/09/2020,4754.49,780.84,3975.24,2000.00,2345.87,397.26,0.20,15.47,16.36,16.93,13.30,18600.00,37.46,4.68,1.99,1.61,Agro & Food Industry,Food & Beverage
RBF,30/09/2020,4754.49,780.84,3975.24,2000.00,2345.87,397.26,0.20,15.47,16.36,16.93,13.30,18600.00,37.46,4.68,1.99,1.61,Agro & Food Industry,Food & Beverage
RS,30/09/2017,4209.13,2807.07,1396.87,1010.15,3588.13,332.86,0.34,12.23,27.21,9.28,27.75,28031.59,167.93,21.09,1.32,,Services,Commerce
RS,30/09/2018,4073.33,2400.99,1671.22,1010.15,3955.05,516.04,0.53,16.72,33.64,13.05,14.80,14950.21,29.17,9.32,1.59,,Services,Commerce
RS,30/09/2019,3406.76,1679.74,1724.89,972.50,3621.86,363.34,0.37,13.27,21.40,10.03,12.30,11961.69,27.62,7.21,1.71,3.64,Services,Commerce
RS,30/09/2020,4285.89,2384.42,1899.36,972.50,2765.18,425.70,0.44,17.47,27.62,15.40,17.30,16824.20,33.71,8.72,1.98,1.75,Services,Commerce
SAWAD,30/09/2017,33376.88,22202.33,9426.83,1087.37,6998.69,2666.60,2.45,11.98,32.78,38.10,65.25,70950.82,27.83,8.21,7.95,0.01,Financials,Finance & Securities
SAWAD,30/09/2018,39217.14,25588.94,11862.86,1147.77,7881.32,2768.36,2.41,10.26,26.01,35.13,45.00,51649.72,19.40,4.68,9.61,0.01,Financials,Finance & Securities
SAWAD,30/09/2019,45461.61,25269.90,18388.37,1336.25,9793.26,3756.49,2.85,11.53,24.84,38.36,68.50,91532.94,26.19,5.46,12.64,0.02,Financials,Finance & Securities
SAWAD,30/09/2020,50833.46,28213.69,20809.63,1373.15,8103.58,3219.15,2.38,12.35,22.96,39.73,65.75,90284.77,20.94,4.34,15.15,2.13,Financials,Finance & Securities
SCB,30/09/2017,3024032.02,2660269.03,363463.57,33991.92,166855.24,43151.90,12.69,1.80,12.37,25.86,150.00,509311.08,10.93,1.44,104.26,3.67,Financials,Banking
SCB,30/09/2018,3187339.62,2806356.58,380026.60,33991.92,168620.02,40067.56,11.79,1.60,10.78,23.76,133.50,453295.76,10.76,1.22,109.65,4.12,Financials,Banking
SCB,30/09/2019,2963746.32,2562899.85,400357.83,33991.92,174900.49,40436.35,11.90,1.93,10.36,23.12,122.00,414260.94,9.87,1.05,116.34,4.51,Financials,Banking
SCB,30/09/2020,3225380.90,2818778.43,406154.28,33991.92,123867.00,22252.16,6.55,1.12,6.93,17.96,87.50,297114.18,10.72,0.73,119.49,7.14,Financials,Banking
SCC,30/09/2017,573412.03,271587.12,261097.57,1200.00,482449.47,55041.25,45.87,14.48,21.97,11.41,484.00,580800.00,10.57,2.30,210.22,3.93,Property & Construction,Construction Materials
SCC,30/09/2018,589787.38,271918.29,277096.53,1200.00,505307.44,44748.34,37.29,11.48,16.63,8.86,436.00,523200.00,11.17,1.96,222.77,4.36,Property & Construction,Construction Materials
SCC,30/09/2019,634733.23,306990.10,280215.41,1200.00,458458.82,32014.28,26.68,7.48,11.49,6.98,392.00,470400.00,13.30,1.71,229.31,4.59,Property & Construction,Construction Materials
SCC,30/09/2020,723147.37,372017.14,302749.00,1200.00,314374.92,26096.41,21.75,7.06,11.49,8.30,378.00,453600.00,13.66,1.50,252.29,3.70,Property & Construction,Construction Materials
SPALI,30/09/2017,55701.80,27321.41,27682.31,1716.55,25789.05,5812.05,3.39,13.83,22.96,22.54,23.70,40682.31,7.65,1.56,15.20,4.43,Property & Construction,Property Development
SPALI,30/09/2018,57703.77,22982.09,33985.78,2143.08,25809.53,5770.42,2.92,12.79,18.71,22.36,18.20,39004.04,7.75,1.24,14.97,,Property & Construction,Property Development
SPALI,30/09/2019,60511.44,22662.32,37086.00,2143.08,23957.15,5402.76,2.52,11.54,15.20,22.55,17.90,38361.12,6.39,1.09,16.42,5.54,Property & Construction,Property Development
SPALI,30/09/2020,68626.54,33376.46,34477.14,2143.08,13064.72,2386.62,1.19,8.65,12.13,18.27,20.50,43933.13,9.45,1.16,17.70,5.12,Property & Construction,Property Development
SPRC,30/09/2017,59797.13,17696.16,42100.97,30004.44,172091.25,8895.35,2.05,18.36,21.22,5.17,17.10,74143.93,8.12,1.84,9.31,6.91,Resources,Energy & Utilities
SPRC,30/09/2018,55010.64,16482.12,38528.52,30004.44,210036.91,2263.25,0.52,4.97,5.61,1.08,9.60,41624.66,4.78,0.98,9.76,11.90,Resources,Energy & Utilities
SPRC,30/09/2019,54294.08,21818.05,32476.03,30004.44,170100.95,2808.70,0.65,6.67,7.91,1.65,10.70,46394.15,,1.29,8.29,5.54,Resources,Energy & Utilities
SPRC,30/09/2020,46686.15,19758.49,26927.67,30004.44,97759.10,6867.03,1.58,25.08,31.30,7.02,8.05,34904.01,,1.30,6.21,2.27,Resources,Energy & Utilities
STA,30/09/2017,59707.78,36430.89,22908.03,1536.00,91267.64,1437.05,1.05,0.35,6.72,1.57,14.10,21657.60,,1.12,15.10,2.36,Agro & Food Industry,Agribusiness
STA,30/09/2018,55748.11,30648.33,24705.19,1536.00,75188.03,2064.36,1.34,5.72,8.67,2.75,14.10,21657.60,9.05,0.88,15.96,,Agro & Food Industry,Agribusiness
STA,30/09/2019,58330.87,32842.48,24119.03,1536.00,61303.68,148.54,0.10,1.44,0.61,0.24,10.00,15360.00,,0.64,15.67,6.50,Agro & Food Industry,Agribusiness
STA,30/09/2020,73822.76,27729.74,33577.82,1536.00,49837.36,4032.27,2.63,11.76,14.25,8.09,26.50,40704.00,9.91,1.21,21.86,1.32,Agro & Food Industry,Agribusiness
STEC,30/09/2017,33159.96,23704.90,9215.68,1525.11,21190.58,610.83,0.40,2.66,6.24,2.88,23.40,35687.49,25.79,3.38,6.92,0.94,Property & Construction,Construction Services
STEC,30/09/2018,45575.41,34354.54,10961.06,1525.11,28000.91,1616.86,1.06,5.24,16.03,5.77,20.40,31112.17,,3.01,6.77,,Property & Construction,Construction Services
STEC,30/09/2019,49207.39,34559.59,14377.29,1525.11,33614.69,1483.64,0.97,3.95,11.71,4.41,14.20,21656.51,14.24,1.58,8.96,3.52,Property & Construction,Construction Services
STEC,30/09/2020,45968.73,32432.39,13258.41,1525.11,27161.64,624.79,0.41,3.29,9.10,2.30,12.70,19368.85,15.81,1.46,8.69,2.36,Property & Construction,Construction Services
SUPER,30/09/2017,46870.65,30648.12,12724.64,2734.95,5794.40,1284.32,0.05,6.30,10.63,22.16,1.17,31998.87,25.54,2.54,0.46,,Resources,Energy & Utilities
SUPER,30/09/2018,49649.96,32094.91,13753.13,2734.95,5874.30,1045.43,0.04,5.67,7.90,17.80,0.53,14495.22,14.79,1.07,0.50,,Resources,Energy & Utilities
SUPER,30/09/2019,55706.49,36848.33,15474.66,2734.95,7757.58,2137.11,0.08,7.88,14.62,27.55,0.56,15315.70,7.57,0.99,0.57,,Resources,Energy & Utilities
SUPER,30/09/2020,61800.72,41938.82,16958.74,2734.95,5561.11,1355.56,0.05,5.87,10.16,24.38,0.96,26255.49,15.94,1.55,0.62,1.15,Resources,Energy & Utilities
TASCO,30/09/2017,19512.70,6583.46,12800.99,1562.46,28982.24,2537.11,1.63,15.55,20.33,8.75,22.30,34842.96,12.12,2.78,8.04,4.01,Property & Construction,Construction Materials
TASCO,30/09/2018,24253.47,11716.36,12382.14,1573.82,27962.74,564.47,0.36,4.50,4.48,2.02,14.50,22820.41,23.14,1.96,7.41,8.22,Property & Construction,Construction Materials
TASCO,30/09/2019,25261.90,11683.24,13407.23,1576.76,37626.33,3123.28,1.98,15.59,24.22,8.30,21.20,33427.38,12.78,2.57,8.24,1.41,Property & Construction,Construction Materials
TASCO,30/09/2020,23606.24,8887.42,14544.53,1578.36,20455.79,2797.55,1.77,18.01,24.98,13.68,17.50,27621.33,8.03,1.90,9.21,8.56,Property & Construction,Construction Materials
TCAP,30/09/2017,1025524.92,895454.65,62020.40,12064.80,58380.14,7001.17,6.01,1.56,11.78,11.99,56.25,67863.74,9.70,1.09,51.56,3.56,Financials,Banking
TCAP,30/09/2018,1060929.17,923010.91,65735.41,11651.30,62241.57,7839.43,6.74,1.76,12.27,12.60,49.75,57964.55,7.40,0.89,55.38,4.46,Financials,Banking
TCAP,30/09/2019,160926.56,86867.81,65832.97,11651.30,8431.61,10807.06,9.43,0.78,16.43,128.17,53.50,62333.74,7.29,0.87,61.72,4.89,Financials,Banking
TCAP,30/09/2020,142405.25,71195.95,62689.74,11651.30,10917.17,5983.53,5.59,0.40,15.60,54.81,34.50,40196.52,3.48,0.58,59.78,21.68,Financials,Banking
THANI,30/09/2017,39491.79,33864.50,5627.30,2416.23,3307.24,1125.81,0.47,3.86,21.17,34.04,10.80,26095.25,25.03,4.92,2.20,1.94,Financials,Finance & Securities
THANI,30/09/2018,47531.06,40336.10,7194.96,3020.28,3827.37,1640.71,0.54,4.71,25.59,42.87,7.45,22501.11,14.94,3.34,2.23,0.32,Financials,Finance & Securities
THANI,30/09/2019,50880.93,43209.91,7671.02,3775.35,4238.15,1963.56,0.52,5.01,26.42,46.33,5.80,21897.05,11.31,3.05,1.90,4.00,Financials,Finance & Securities
THANI,30/09/2020,48830.30,40382.98,8447.31,3775.35,3192.97,1380.35,0.37,4.69,23.82,43.23,4.16,23558.20,12.65,2.79,2.24,5.13,Financials,Finance & Securities
TISCO,30/09/2017,303388.41,268656.64,34604.53,8006.56,24256.64,6090.01,7.61,2.66,18.50,25.11,88.50,70857.14,12.09,2.14,41.27,3.95,Financials,Banking
TISCO,30/09/2018,302544.63,264715.18,37696.53,8006.56,24627.01,7015.68,8.76,2.83,19.41,28.49,78.25,62650.52,9.20,1.75,44.68,6.39,Financials,Banking
TISCO,30/09/2019,298304.10,259107.98,39192.98,8006.56,24855.50,7270.23,9.08,3.01,18.91,29.25,99.25,79464.08,11.14,2.13,46.70,7.05,Financials,Banking
TISCO,30/09/2020,275949.12,238104.14,37841.68,8006.56,17069.22,4427.01,5.53,2.80,16.73,25.94,88.50,70857.14,11.26,1.87,47.26,8.76,Financials,Banking
TKN,30/09/2017,3322.12,1146.16,2175.96,345.00,5283.13,608.44,0.44,25.22,27.67,11.52,20.90,28842.00,41.16,14.16,1.48,2.34,Agro & Food Industry,Food & Beverage
TKN,30/09/2018,3787.35,1619.11,2164.60,345.00,5697.41,459.18,0.33,15.29,21.16,8.06,8.05,11109.00,19.27,5.19,1.55,4.22,Agro & Food Industry,Food & Beverage
TKN,30/09/2019,3706.58,1565.37,2140.92,345.00,5297.33,366.24,0.26,10.65,17.01,6.91,10.50,14490.00,53.05,7.16,1.47,3.24,Agro & Food Industry,Food & Beverage
TKN,30/09/2020,3555.76,1510.06,2045.74,345.00,3114.78,263.49,0.19,11.65,18.74,8.46,10.40,14352.00,37.64,7.02,1.48,2.50,Agro & Food Industry,Food & Beverage
TMB,30/09/2017,843871.77,754016.22,89855.55,41647.87,49178.27,8686.66,0.20,1.29,10.01,17.66,3.02,132396.37,15.45,1.51,2.00,1.99,Financials,Banking
TMB,30/09/2018,891713.31,792934.40,98778.91,41659.30,48554.59,11601.24,0.26,1.67,12.30,23.89,2.20,96474.16,7.94,0.99,2.21,2.73,Financials,Banking
TMB,30/09/2019,1858190.28,1663378.79,194776.87,91541.39,52251.82,7222.48,0.15,0.64,4.92,13.82,1.68,161883.72,22.15,1.58,2.34,1.90,Financials,Banking
TMB,30/09/2020,1840852.80,1637925.19,202891.28,91588.95,67865.76,8877.30,0.09,0.94,6.87,13.08,1.08,104122.17,9.92,0.51,2.10,2.98,Financials,Banking
TOA,,14095.07,5682.04,8437.95,2029.00,15824.93,1709.91,1.03,18.37,37.01,10.81,32.50,65942.50,37.24,,,,Property & Construction,Construction Materials
TOA,30/09/2018,14935.92,5571.86,9419.57,2029.00,16454.26,1824.88,0.90,15.81,20.44,11.09,33.00,66957.00,36.12,7.41,4.45,0.42,Property & Construction,Construction Materials
TOA,30/09/2019,15706.68,5093.20,10688.98,2029.00,17182.53,2162.48,1.07,17.82,21.51,12.59,39.25,79638.25,38.07,7.82,5.02,0.99,Property & Construction,Construction Materials
TOA,30/09/2020,16365.06,5329.19,11038.19,2029.00,12332.54,1538.16,0.76,16.80,19.28,12.47,33.50,67971.50,33.22,6.16,5.44,1.49,Property & Construction,Construction Materials
TOP,30/09/2017,228108.29,100960.05,122223.48,20400.28,343113.87,24856.20,12.18,15.31,21.70,7.24,103.50,211142.88,8.90,1.83,56.67,4.35,Resources,Energy & Utilities
TOP,30/09/2018,268612.95,142140.57,121712.02,20400.28,393039.39,10149.04,4.97,6.57,8.32,2.58,66.25,135151.85,6.17,1.07,62.04,7.92,Resources,Energy & Utilities
TOP,30/09/2019,283444.53,159521.02,119972.74,20400.28,369503.80,6276.68,3.08,4.01,5.19,1.70,69.75,142291.94,,1.20,58.08,3.80,Resources,Energy & Utilities
TOP,30/09/2020,300900.13,189378.56,107791.21,20400.28,189971.75,10558.84,5.18,2.79,7.58,5.56,52.00,106081.45,,0.98,52.84,2.88,Resources,Energy & Utilities
TPIPP,30/09/2017,27566.91,3352.87,24214.03,8400.00,5188.15,2591.53,0.33,11.84,15.93,49.95,8.15,68460.00,28.50,2.84,2.87,,Resources,Energy & Utilities
TPIPP,30/09/2018,31541.22,6492.85,25048.38,8400.00,7915.35,3698.96,0.44,13.12,15.02,46.73,5.65,47460.00,14.30,1.90,2.97,5.31,Resources,Energy & Utilities
TPIPP,30/09/2019,37852.57,10742.24,27110.33,8400.00,10905.82,4606.81,0.55,14.03,17.66,42.24,4.40,36960.00,8.58,1.38,3.18,9.09,Resources,Energy & Utilities
TPIPP,30/09/2020,42811.30,15043.69,27767.61,8400.00,8601.56,3345.13,0.40,12.40,16.96,38.89,4.28,35952.00,7.78,1.29,3.31,9.35,Resources,Energy & Utilities
TQM,,3824.89,1679.65,2145.25,300.00,2525.04,404.27,1.77,17.47,32.06,16.01,22.80,6840.00,20.64,,,,Financials,Insurance
TQM,30/09/2019,4256.96,1906.70,2350.26,300.00,2783.83,507.23,1.69,15.43,22.57,18.22,66.00,19800.00,40.87,8.92,7.40,0.45,Financials,Insurance
TQM,30/09/2020,4503.43,2309.77,2193.66,300.00,2344.25,511.98,1.71,19.70,30.03,21.84,134.50,40350.00,60.87,18.39,7.31,1.30,Financials,Insurance
TRUE,30/09/2017,465310.94,331108.18,133533.20,133472.78,147602.80,2322.53,0.07,2.61,1.76,1.57,6.20,206882.81,,1.62,3.84,,Technology,Information & Communication Technology
TRUE,30/09/2018,495568.69,361685.18,133290.84,133472.78,177525.69,7034.59,0.21,4.26,5.27,3.96,5.20,173514.62,11.23,1.22,4.27,0.60,Technology,Information & Communication Technology
TRUE,30/09/2019,523992.74,397973.60,125367.94,133472.78,157534.52,5636.74,0.17,3.39,4.36,3.58,4.60,153493.70,63.27,1.22,3.77,1.96,Technology,Information & Communication Technology
TRUE,30/09/2020,615665.95,529812.83,85320.43,133472.78,109189.91,1205.21,0.04,3.14,1.34,1.10,3.44,114786.59,81.03,1.34,2.56,2.62,Technology,Information & Communication Technology
TTW,30/09/2017,23277.04,11399.14,11835.50,3990.00,5787.63,2663.25,0.67,15.17,22.83,46.02,12.60,50274.00,19.68,4.52,2.79,4.76,Resources,Energy & Utilities
TTW,30/09/2018,23330.37,10965.52,12321.57,3990.00,6100.16,2841.93,0.71,16.52,23.53,46.59,12.40,49476.00,17.39,4.24,2.92,4.84,Resources,Energy & Utilities
TTW,30/09/2019,23158.11,10033.30,13081.14,3990.00,6445.85,3127.91,0.78,17.85,24.63,48.53,13.80,55062.00,19.20,4.54,3.04,4.35,Resources,Energy & Utilities
TTW,30/09/2020,21997.97,9108.59,12850.00,3990.00,4755.41,2261.63,0.57,18.93,25.58,47.56,12.40,49476.00,15.48,3.85,3.22,4.84,Resources,Energy & Utilities
TU,30/09/2017,146267.56,98040.42,44459.40,1192.95,140429.18,6020.74,1.26,5.96,13.73,4.29,19.90,94959.13,17.21,2.13,9.33,3.17,Agro & Food Industry,Food & Beverage
TU,30/09/2018,141916.08,95422.04,43233.47,1192.95,136723.66,3256.21,0.68,4.52,7.43,2.38,16.20,77303.41,21.52,1.82,8.90,4.07,Agro & Food Industry,Food & Beverage
TU,30/09/2019,141909.05,90114.09,48423.20,1192.95,129186.11,3815.88,0.80,4.57,8.33,2.95,13.50,64419.51,16.84,1.54,8.76,2.96,Agro & Food Industry,Food & Beverage
TU,30/09/2020,144788.87,90638.53,50666.14,1192.95,100319.01,4788.61,0.96,6.13,12.65,4.77,13.60,64896.69,10.83,1.25,10.88,3.54,Agro & Food Industry,Food & Beverage
TVO,30/09/2017,11615.05,3048.73,8188.49,808.61,24805.05,1326.76,1.64,13.96,15.86,5.35,29.75,24056.18,19.34,3.13,9.49,9.24,Agro & Food Industry,Food & Beverage
TVO,30/09/2018,11038.00,2192.57,8468.87,808.61,25326.13,1867.44,2.31,20.37,22.42,7.37,26.50,21428.19,10.16,2.61,10.15,5.40,Agro & Food Industry,Food & Beverage
TVO,30/09/2019,11765.55,2716.25,8664.65,808.61,23802.30,1410.53,1.74,15.88,16.47,5.93,27.50,22236.80,17.30,2.69,10.23,6.91,Agro & Food Industry,Food & Beverage
TVO,30/09/2020,11057.84,2006.15,8654.48,808.61,18421.76,1189.64,1.47,18.33,18.74,6.46,33.75,27290.62,17.21,3.15,10.70,4.30,Agro & Food Industry,Food & Beverage
VGI,30/09/2017,7984.98,4879.67,1856.12,686.43,3358.28,826.40,0.12,18.22,40.33,24.61,6.55,47188.38,68.14,22.05,0.31,0.87,Services,Media & Publishing
VGI,30/09/2018,9616.51,3699.29,4425.80,720.43,4079.66,846.23,0.12,14.29,26.94,20.74,7.80,66742.10,67.36,4.83,1.61,0.97,Services,Media & Publishing
VGI,30/09/2019,22687.39,6239.96,13696.27,855.67,5362.39,1101.24,0.13,10.06,12.15,20.54,9.55,82236.63,66.37,5.25,1.83,0.98,Services,Media & Publishing
VGI,30/09/2020,17076.95,3999.29,12783.90,861.12,4428.78,1423.94,0.17,5.92,10.75,32.15,6.65,57264.25,85.14,3.96,1.68,0.92,Services,Media & Publishing
WHA,30/09/2017,73618.96,45085.55,25243.73,1432.24,12409.96,3266.43,0.23,7.69,14.00,26.32,4.00,57289.72,14.47,2.72,1.47,3.84,Property & Construction,Property Development
WHA,30/09/2018,78344.95,47330.85,27225.73,1433.43,11622.20,2906.81,0.20,7.08,11.08,25.01,4.28,61350.66,19.46,2.39,1.79,3.26,Property & Construction,Property Development
WHA,30/09/2019,82263.83,49163.25,29477.63,1470.91,13385.81,3229.25,0.22,6.54,11.39,24.12,3.88,57071.30,16.36,1.90,2.04,2.10,Property & Construction,Property Development
WHA,30/09/2020,83154.72,51567.74,28249.47,1494.68,4860.55,1069.87,0.07,4.91,7.79,22.01,3.04,45438.38,20.01,1.61,1.89,4.40,Property & Construction,Property Development
WHAUP,30/09/2017,21378.19,8801.21,12576.98,3825.00,3704.26,1980.92,0.54,12.29,19.81,53.48,8.10,30982.50,22.04,2.55,3.17,,Resources,Energy & Utilities
WHAUP,30/09/2018,23773.27,9724.00,14049.27,3825.00,3918.40,2251.90,0.59,11.82,16.91,57.47,5.55,21228.75,10.20,1.58,3.51,3.66,Resources,Energy & Utilities
WHAUP,30/09/2019,26418.72,12859.45,13559.27,3825.00,3884.04,2137.21,0.56,10.05,15.48,55.03,5.45,20846.25,8.88,1.54,3.54,3.88,Resources,Energy & Utilities
WHAUP,30/09/2020,26061.56,13950.35,12111.22,3825.00,1884.85,548.47,0.14,5.64,7.39,29.10,4.20,16065.00,16.95,1.33,3.17,6.01,Resources,Energy & Utilities
